EG10001	alr
EG10002	modB
EG10003	cysZ
EG10004	dfp
EG10005	fruB
EG10006	dcuB
EG10007	hisM
EG10008	zraS
EG10009	icdC
EG10010	rhsE
EG10011	yaaA
EG10012	cydC
EG10013	mepM
EG10014	acrD
EG10015	rodZ
EG10016	garL
EG10017	ispB
EG10018	csrD
EG10020	cpxR
EG10021	yjiA
EG10022	aceA
EG10023	aceB
EG10024	aceE
EG10025	aceF
EG10026	aceK
EG10027	ackA
EG10028	pflA
EG10029	ada
EG10030	add
EG10031	adhE
EG10032	adk
EG10033	agp
EG10034	alaS
EG10035	aldA
EG10036	puuC
EG10037	alkB
EG10039	amn
EG10040	ampC
EG10041	ampD
EG10042	ampE
EG10043	cysQ
EG10044	osmE
EG10045	ansA
EG10046	ansB
EG10047	apaG
EG10048	apaH
EG10049	appA
EG10050	appY
EG10051	apt
EG10052	araA
EG10053	araB
EG10054	araC
EG10055	araD
EG10056	araE
EG10057	araF
EG10058	araG
EG10059	araH
EG10060	araJ
EG10061	arcA
EG10062	arcB
EG10063	argA
EG10064	argB
EG10065	argC
EG10066	argD
EG10067	argF
EG10068	argG
EG10069	argI
EG10070	argR
EG10071	argS
EG10072	argT
EG10073	aroA
EG10074	aroB
EG10075	aroC
EG10076	aroD
EG10077	aroE
EG10078	aroF
EG10079	aroG
EG10080	aroH
EG10081	aroK
EG10082	aroL
EG10083	aroM
EG10084	aroP
EG10085	ascB
EG10086	ascF
EG10087	ascG
EG10088	asd
EG10089	aslA
EG10090	aslB
EG10091	asnA
EG10092	asnB
EG10093	asnC
EG10094	asnS
EG10095	aspA
EG10096	aspC
EG10097	aspS
EG10098	atpA
EG10099	atpB
EG10100	atpC
EG10101	atpD
EG10102	atpE
EG10103	atpF
EG10104	atpG
EG10105	atpH
EG10106	atpI
EG10107	avtA
EG10108	bcp
EG10109	betA
EG10110	betB
EG10111	betI
EG10112	betT
EG10113	bfr
EG10114	bglB
EG10115	bglF
EG10116	bglG
EG10117	bioA
EG10118	bioB
EG10119	bioC
EG10120	bioD
EG10121	bioF
EG10122	bioH
EG10123	birA
EG10124	bisC
EG10125	bolA
EG10126	btuB
EG10127	btuC
EG10128	btuD
EG10129	btuE
EG10130	btuR
EG10131	cadA
EG10132	cadB
EG10133	cadC
EG10134	carA
EG10135	carB
EG10136	cca
EG10137	cdd
EG10138	cdh
EG10139	cdsA
EG10140	chbB
EG10141	chbC
EG10142	chbA
EG10143	chbR
EG10144	chbF
EG10145	creD
EG10146	cheA
EG10147	cheB
EG10148	cheR
EG10149	cheW
EG10150	cheY
EG10151	cheZ
EG10152	modC
EG10153	moeA
EG10154	moeB
EG10155	cirA
EG10156	clpA
EG10157	clpB
EG10158	clpP
EG10159	clpX
EG10160	cpdB
EG10161	cpsB
EG10162	cpsG
EG10163	cpxA
EG10164	crp
EG10165	crr
EG10166	cspA
EG10167	cstA
EG10168	lnt
EG10169	cvpA
EG10170	cyaA
EG10172	cybB
EG10173	cydA
EG10174	cydB
EG10175	cynS
EG10176	cynT
EG10177	cynX
EG10178	cyoA
EG10179	cyoB
EG10180	cyoC
EG10181	cyoD
EG10182	cyoE
EG10183	cysA
EG10184	cysB
EG10185	cysC
EG10186	cysD
EG10187	cysE
EG10188	cysG
EG10189	cysH
EG10190	cysI
EG10191	cysJ
EG10192	cysK
EG10193	cysM
EG10194	cysN
EG10195	cysP
EG10196	cysS
EG10197	cysU
EG10198	cysW
EG10200	cytR
EG10201	dacA
EG10202	dacB
EG10203	dacC
EG10204	dam
EG10205	dapA
EG10206	dapB
EG10207	dapD
EG10208	dapE
EG10209	dapF
EG10210	dbpA
EG10211	dcm
EG10212	dcp
EG10213	ddlA
EG10214	ddlB
EG10215	deaD
EG10216	dedA
EG10217	accD
EG10218	dedD
EG10219	deoA
EG10220	deoB
EG10221	deoC
EG10222	deoD
EG10223	deoR
EG10224	dgkA
EG10225	dgt
EG10226	dicA
EG10227	dicB
EG10228	dicC
EG10229	flk
EG10230	dksA
EG10231	dld
EG10232	dmsA
EG10233	dmsB
EG10234	dmsC
EG10235	dnaA
EG10236	dnaB
EG10237	dnaC
EG10238	dnaE
EG10239	dnaG
EG10240	dnaJ
EG10241	dnaK
EG10242	dnaN
EG10243	dnaQ
EG10244	dnaT
EG10245	dnaX
EG10246	mltD
EG10247	acpS
EG10248	dppA
EG10249	dsdA
EG10250	dsdX
EG10251	dut
EG10252	ebgA
EG10253	ebgC
EG10254	ebgR
EG10255	eco
EG10256	eda
EG10257	edd
EG10258	eno
EG10259	entA
EG10260	entB
EG10261	entC
EG10262	entD
EG10263	entE
EG10264	entF
EG10265	lpxC
EG10266	acrE
EG10267	acrF
EG10268	envY
EG10269	envZ
EG10270	era
EG10271	exbB
EG10272	exbD
EG10273	fabA
EG10274	fabB
EG10275	accB
EG10276	accC
EG10277	fabH
EG10278	fadA
EG10279	fadB
EG10280	fadL
EG10281	fadR
EG10282	fbaA
EG10283	fbp
EG10284	fdhE
EG10285	fdhF
EG10286	fecA
EG10287	fecB
EG10288	fecC
EG10289	fecD
EG10290	fecE
EG10291	fecI
EG10292	fecR
EG10293	fepA
EG10294	fepB
EG10295	fepC
EG10296	fepD
EG10297	fepE
EG10298	fepG
EG10299	fes
EG10300	ffh
EG10301	fhlA
EG10302	fhuA
EG10303	fhuB
EG10304	fhuC
EG10305	fhuD
EG10306	fhuE
EG10307	fic
EG10308	fimA
EG10309	fimB
EG10310	fimC
EG10311	fimD
EG10312	fimE
EG10313	fimF
EG10314	fimG
EG10315	fimH
EG10316	lpxD
EG10317	fis
EG10318	fldA
EG10319	flhC
EG10320	flhD
EG10321	fliC
EG10322	fliL
EG10323	fliM
EG10324	fliN
EG10325	fnr
EG10326	folA
EG10327	folC
EG10328	folD
EG10329	mutM
EG10330	frdA
EG10331	frdB
EG10332	frdC
EG10333	frdD
EG10334	fre
EG10335	frr
EG10336	fruA
EG10337	fruK
EG10338	cra
EG10339	ftsA
EG10340	ftsE
EG10341	ftsI
EG10342	ftsQ
EG10343	rsmD
EG10344	ftsW
EG10345	ftsX
EG10346	ftsY
EG10347	ftsZ
EG10348	fucA
EG10349	fucI
EG10350	fucK
EG10351	fucO
EG10352	fucP
EG10353	fucR
EG10355	fucU
EG10356	fumA
EG10357	fumB
EG10358	fumC
EG10359	fur
EG10360	fusA
EG10361	gabT
EG10362	galE
EG10363	galK
EG10364	galR
EG10365	galS
EG10366	galT
EG10367	gapA
EG10368	epd
EG10369	gcd
EG10370	ispG
EG10371	gcvH
EG10372	gdhA
EG10373	hokC
EG10374	ggt
EG10375	mnmG
EG10376	rsmG
EG10377	glgA
EG10378	glgB
EG10379	glgC
EG10380	glgP
EG10381	glgX
EG10382	glmS
EG10383	glnA
EG10384	glnB
EG10385	glnG
EG10386	glnH
EG10387	glnL
EG10388	glnP
EG10389	glnQ
EG10390	glnS
EG10391	glpA
EG10392	glpB
EG10393	glpC
EG10394	glpD
EG10395	glpE
EG10396	glpF
EG10397	glpG
EG10398	glpK
EG10399	glpQ
EG10400	glpR
EG10401	glpT
EG10402	gltA
EG10403	gltB
EG10404	gltD
EG10405	gltP
EG10406	gltS
EG10407	gltX
EG10408	glyA
EG10409	glyQ
EG10410	glyS
EG10411	gnd
EG10412	gor
EG10413	gpp
EG10414	gpt
EG10415	greA
EG10416	grpE
EG10417	grxA
EG10418	gshA
EG10419	gshB
EG10420	guaA
EG10421	guaB
EG10422	guaC
EG10423	gyrA
EG10424	gyrB
EG10425	hdhA
EG10426	helD
EG10427	hemA
EG10428	hemB
EG10429	hemC
EG10430	hemD
EG10431	hemH
EG10432	hemL
EG10433	hemX
EG10434	hemY
EG10435	hflC
EG10436	hflK
EG10437	hflX
EG10438	hfq
EG10439	hha
EG10440	ihfA
EG10441	ihfB
EG10442	hipB
EG10443	hipA
EG10444	hisA
EG10445	hisB
EG10446	hisC
EG10447	hisD
EG10448	hisF
EG10449	hisG
EG10450	hisH
EG10451	hisI
EG10452	hisP
EG10453	hisS
EG10454	truA
EG10455	skp
EG10456	hmp
EG10457	hns
EG10458	hsdM
EG10459	hsdR
EG10460	hsdS
EG10461	htpG
EG10462	htpX
EG10463	degP
EG10464	waaM
EG10465	ribB
EG10466	hupA
EG10467	hupB
EG10468	hyaA
EG10469	hyaB
EG10470	hyaC
EG10471	hyaD
EG10472	hyaE
EG10473	hyaF
EG10474	hycA
EG10475	hycB
EG10476	hycC
EG10477	hycD
EG10478	hycE
EG10479	hycF
EG10480	hycG
EG10481	hycH
EG10482	zraR
EG10483	hypA
EG10484	hypB
EG10485	hypC
EG10486	hypD
EG10487	hypE
EG10488	iap
EG10489	icd
EG10490	argP
EG10491	iclR
EG10492	ileS
EG10493	ilvA
EG10494	ilvB
EG10495	ilvC
EG10496	ilvD
EG10497	ilvE
EG10498	ilvG
EG10499	ilvH
EG10500	ilvI
EG10501	ilvM
EG10502	ilvN
EG10503	ilvY
EG10504	infA
EG10505	infB
EG10506	infC
EG10507	intD
EG10508	ispA
EG10509	katE
EG10510	rpoS
EG10511	katG
EG10512	kbl
EG10513	kdpA
EG10514	kdpB
EG10515	kdpC
EG10516	kdpD
EG10517	kdpE
EG10518	kdsA
EG10519	kdsB
EG10520	waaA
EG10521	kefC
EG10522	kgtP
EG10523	rsmA
EG10524	lacA
EG10525	lacI
EG10526	lacY
EG10527	lacZ
EG10528	lamB
EG10529	lepA
EG10530	lepB
EG10531	leuO
EG10532	leuS
EG10533	lexA
EG10534	ligA
EG10535	lit
EG10536	livF
EG10537	livG
EG10538	livH
EG10539	livJ
EG10540	livK
EG10541	livM
EG10542	lon
EG10543	lpd
EG10544	lpp
EG10545	lpxA
EG10546	lpxB
EG10547	lrp
EG10548	lspA
EG10549	lysA
EG10550	lysC
EG10551	lysR
EG10552	lysS
EG10553	lysU
EG10554	malE
EG10555	malF
EG10556	malG
EG10557	malI
EG10558	malK
EG10559	malM
EG10560	malP
EG10561	malQ
EG10562	malT
EG10563	malX
EG10564	malY
EG10565	malZ
EG10566	manA
EG10567	manX
EG10568	manY
EG10569	manZ
EG10570	map
EG10571	mazE
EG10572	mazG
EG10573	mcrA
EG10574	mcrB
EG10575	mcrC
EG10576	mdh
EG10577	melA
EG10578	melB
EG10579	menD
EG10580	mepA
EG10581	metA
EG10582	metB
EG10583	metC
EG10584	metE
EG10585	metF
EG10586	metG
EG10587	metH
EG10588	metJ
EG10589	metK
EG10590	metL
EG10591	metR
EG10592	mglA
EG10593	mglB
EG10594	mglC
EG10595	miaA
EG10596	minC
EG10597	minD
EG10598	minE
EG10599	groL
EG10600	groS
EG10601	motA
EG10602	motB
EG10603	mprA
EG10604	mraY
EG10605	mrcB
EG10606	mrdA
EG10607	mrdB
EG10608	mreB
EG10609	mreC
EG10610	mreD
EG10611	mrp
EG10612	mrr
EG10613	msbA
EG10614	waaN
EG10615	mtlA
EG10616	mtlD
EG10617	mtr
EG10618	mukB
EG10619	murC
EG10620	murD
EG10621	murE
EG10622	murF
EG10623	murG
EG10624	mutH
EG10625	mutS
EG10626	mutT
EG10627	mutY
EG10629	emrE
EG10630	nadA
EG10631	nadB
EG10632	nagA
EG10633	nagB
EG10634	nagD
EG10635	nagE
EG10636	nagC
EG10637	nanA
EG10638	narG
EG10639	narH
EG10640	narI
EG10641	narJ
EG10642	narK
EG10643	narL
EG10644	narV
EG10645	narW
EG10646	narX
EG10647	narY
EG10648	narZ
EG10649	ndh
EG10650	ndk
EG10651	nfo
EG10652	nhaA
EG10653	nirB
EG10654	nirC
EG10655	nirD
EG10656	sfsB
EG10657	nlpA
EG10658	bamC
EG10659	nmpC
EG10660	nrdA
EG10661	nrdB
EG10662	nth
EG10663	nadE
EG10664	nupG
EG10665	nusA
EG10666	nusB
EG10667	nusG
EG10668	ogt
EG10669	ompA
EG10670	ompC
EG10671	ompF
EG10672	ompR
EG10673	ompT
EG10674	oppA
EG10675	oppB
EG10676	oppC
EG10677	oppD
EG10678	oppF
EG10679	osmB
EG10680	osmC
EG10681	oxyR
EG10682	pabA
EG10683	pabB
EG10684	pal
EG10685	panF
EG10686	parC
EG10687	parE
EG10688	pck
EG10689	pcm
EG10690	pcnB
EG10691	pdxA
EG10692	pdxB
EG10693	pdxJ
EG10694	pepA
EG10695	pepD
EG10696	pepN
EG10697	pepP
EG10698	pepQ
EG10699	pfkA
EG10700	pfkB
EG10701	pflB
EG10702	pgi
EG10703	pgk
EG10704	pgpA
EG10705	pgpB
EG10706	pgsA
EG10707	pheA
EG10708	pheP
EG10709	pheS
EG10710	pheT
EG10711	yjdM
EG10712	yjdN
EG10713	phnC
EG10714	phnD
EG10715	phnF
EG10716	phnG
EG10717	phnH
EG10718	phnI
EG10719	phnJ
EG10720	phnK
EG10721	phnL
EG10722	phnM
EG10723	phnN
EG10724	phnO
EG10725	phnP
EG10727	phoA
EG10728	phoB
EG10729	phoE
EG10730	creC
EG10731	phoP
EG10732	phoQ
EG10733	phoR
EG10734	pstS
EG10735	phoU
EG10736	phr
EG10737	pinE
EG10738	pldA
EG10739	pldB
EG10740	plsB
EG10741	pmbA
EG10742	pncB
EG10743	pnp
EG10744	pntA
EG10745	pntB
EG10746	polA
EG10747	polB
EG10748	mrcA
EG10749	potA
EG10750	potB
EG10751	potC
EG10752	potD
EG10753	potE
EG10754	poxB
EG10755	ppa
EG10756	ppc
EG10757	ppiA
EG10758	ppiB
EG10759	ppsA
EG10760	prc
EG10761	prfA
EG10762	prfB
EG10763	priA
EG10764	priB
EG10765	priC
EG10766	secY
EG10767	proA
EG10768	proB
EG10769	proC
EG10770	proS
EG10771	proV
EG10772	proW
EG10773	proX
EG10774	prs
EG10775	psd
EG10776	pspA
EG10777	pspB
EG10778	pspC
EG10779	pspD
EG10780	pspE
EG10781	pssA
EG10782	pstA
EG10783	pstB
EG10784	pstC
EG10785	pth
EG10786	ptrA
EG10787	ptsG
EG10788	ptsH
EG10789	ptsI
EG10790	purA
EG10791	purC
EG10792	purD
EG10793	purE
EG10794	purF
EG10795	purH
EG10796	purK
EG10797	purL
EG10798	purM
EG10799	purN
EG10800	purR
EG10801	putA
EG10802	putP
EG10803	pykA
EG10804	pykF
EG10805	pyrB
EG10806	pyrC
EG10807	pyrD
EG10808	pyrE
EG10809	pyrF
EG10810	pyrG
EG10811	pyrI
EG10812	queA
EG10813	racC
EG10814	rbsA
EG10815	rbsB
EG10816	rbsC
EG10817	rbsD
EG10818	rbsK
EG10819	rbsR
EG10820	rcsA
EG10821	rcsB
EG10822	rcsC
EG10823	recA
EG10824	recB
EG10825	recC
EG10826	recD
EG10827	recE
EG10828	recF
EG10829	recG
EG10830	recJ
EG10831	recN
EG10832	recO
EG10833	recQ
EG10834	recR
EG10835	relA
EG10836	relB
EG10837	rep
EG10838	hldD
EG10839	rfaH
EG10840	wecA
EG10841	fliD
EG10842	rhaR
EG10843	rhaS
EG10844	rhlB
EG10845	rho
EG10846	rhsA
EG10847	rhsB
EG10848	rhsC
EG10849	rhsD
EG10850	rimI
EG10851	rimJ
EG10852	rimK
EG10853	rimL
EG10854	rlpA
EG10855	lptE
EG10856	rna
EG10857	rnc
EG10858	rnd
EG10859	rne
EG10860	rnhA
EG10861	rnhB
EG10862	rnpA
EG10863	rph
EG10864	rplA
EG10865	rplB
EG10866	rplC
EG10867	rplD
EG10868	rplE
EG10869	rplF
EG10870	rplI
EG10871	rplJ
EG10872	rplK
EG10873	rplL
EG10874	rplM
EG10875	rplN
EG10876	rplO
EG10877	rplP
EG10878	rplQ
EG10879	rplR
EG10880	rplS
EG10881	rplT
EG10882	rplV
EG10883	rplW
EG10884	rplX
EG10885	rplY
EG10886	rpmB
EG10887	rpmC
EG10888	rpmD
EG10889	rpmE
EG10890	rpmF
EG10891	rpmG
EG10892	rpmH
EG10893	rpoA
EG10894	rpoB
EG10895	rpoC
EG10896	rpoD
EG10897	rpoH
EG10898	rpoN
EG10899	rpoZ
EG10900	rpsA
EG10901	rpsB
EG10902	rpsC
EG10903	rpsD
EG10904	rpsE
EG10905	rpsF
EG10906	rpsG
EG10907	rpsH
EG10908	rpsI
EG10909	rpsJ
EG10910	rpsK
EG10911	rpsL
EG10912	rpsM
EG10913	rpsN
EG10914	rpsO
EG10915	rpsP
EG10916	rpsQ
EG10917	rpsR
EG10918	rpsS
EG10919	rpsT
EG10920	rpsU
EG10921	ftnA
EG10922	coaA
EG10923	ruvA
EG10924	ruvB
EG10925	ruvC
EG10926	sbcB
EG10927	sbcC
EG10928	sbmA
EG10929	sbp
EG10930	sdaA
EG10931	sdhA
EG10932	sdhB
EG10933	sdhC
EG10934	sdhD
EG10935	sdiA
EG10936	secA
EG10937	secB
EG10938	secD
EG10939	secE
EG10940	secF
EG10941	selA
EG10942	selB
EG10943	selD
EG10944	serA
EG10945	serB
EG10946	serC
EG10947	serS
EG10948	maeA
EG10949	sfsA
EG10950	slt
EG10951	ytjB
EG10952	bamE
EG10953	sodA
EG10954	sodB
EG10955	prlF
EG10956	sohB
EG10957	soxR
EG10958	soxS
EG10959	speA
EG10960	speB
EG10961	speC
EG10962	speD
EG10963	speE
EG10964	speF
EG10965	gmk
EG10966	spoT
EG10967	trmH
EG10968	sppA
EG10969	srlA
EG10970	srlB
EG10971	srlD
EG10972	gutM
EG10973	gutQ
EG10974	srlR
EG10975	srmB
EG10976	ssb
EG10977	sspA
EG10978	sspB
EG10979	sucA
EG10980	sucB
EG10981	sucC
EG10982	sucD
EG10983	suhB
EG10984	sulA
EG10985	surA
EG10986	tag
EG10987	tap
EG10988	tar
EG10989	tdcA
EG10990	tdcB
EG10991	tdcC
EG10992	tdcR
EG10993	tdh
EG10994	tdk
EG10995	tesB
EG10996	tgt
EG10997	mnmE
EG10998	thrA
EG10999	thrB
EG11000	thrC
EG11001	thrS
EG11002	thyA
EG11003	tig
EG11004	ptrB
EG11005	tnaA
EG11006	tnaB
EG11007	tolA
EG11008	tolB
EG11009	tolC
EG11010	tolQ
EG11011	tolR
EG11012	tonB
EG11013	topA
EG11014	topB
EG11015	tpiA
EG11016	tpr
EG11017	treA
EG11018	trg
EG11019	trkA
EG11020	trkG
EG11021	trkH
EG11022	trmA
EG11023	trmD
EG11024	trpA
EG11025	trpB
EG11026	trpC
EG11027	trpD
EG11028	trpE
EG11029	trpR
EG11030	trpS
EG11031	trxA
EG11032	trxB
EG11033	tsf
EG11034	tsr
EG11035	tsx
EG11036	tufA
EG11037	tufB
EG11038	tus
EG11039	tyrA
EG11040	tyrB
EG11041	tyrP
EG11042	tyrR
EG11043	tyrS
EG11044	ubiX
EG11045	udp
EG11046	ugpA
EG11047	ugpB
EG11048	ugpC
EG11049	ugpE
EG11050	ugpQ
EG11051	uhpA
EG11052	uhpB
EG11053	uhpC
EG11054	uhpT
EG11055	uidA
EG11056	umuC
EG11057	umuD
EG11058	ung
EG11059	usg
EG11060	ushA
EG11061	uvrA
EG11062	uvrB
EG11063	uvrC
EG11064	uvrD
EG11065	uxaB
EG11066	uxuA
EG11067	valS
EG11068	vsr
EG11069	xerC
EG11070	dsbC
EG11071	xerD
EG11072	xseA
EG11073	xthA
EG11074	xylA
EG11075	xylB
EG11076	xylE
EG11078	nhaR
EG11079	ribF
EG11080	fkpB
EG11081	ispH
EG11082	rihC
EG11083	rapA
EG11084	mraZ
EG11085	rsmH
EG11086	ftsL
EG11087	secM
EG11088	pdhR
EG11089	yacC
EG11090	mtn
EG11091	frsA
EG11092	crl
EG11093	yaiA
EG11094	sbcD
EG11095	acpH
EG11096	yajC
EG11097	yajD
EG11098	xseB
EG11099	ybaA
EG11100	ybaB
EG11101	aes
EG11102	gsk
EG11103	fimZ
EG11104	entS
EG11105	entH
EG11107	ybdD
EG11108	ybgA
EG11109	mngR
EG11110	ybgC
EG11111	cspD
EG11112	aat
EG11113	yccA
EG11114	yccB
EG11116	yceA
EG11117	yceB
EG11118	rluC
EG11119	yceD
EG11120	tfaE
EG11121	yciA
EG11122	yciB
EG11123	yciC
EG11124	ompW
EG11125	yciE
EG11126	yciF
EG11127	yciG
EG11128	yciH
EG11129	rem
EG11130	hokD
EG11131	relE
EG11132	ppsR
EG11133	nlpC
EG11134	ydjA
EG11135	pncA
EG11136	yebB
EG11137	yebC
EG11138	nudB
EG11139	yecA
EG11140	uvrY
EG11141	yedA
EG11142	yfaA
EG11143	ubiG
EG11144	yfcA
EG11145	yfeA
EG11146	xapR
EG11147	yffB
EG11149	gcvR
EG11150	hyfA
EG11151	raiA
EG11152	yfiB
EG11153	rimM
EG11154	ppdC
EG11155	ygdB
EG11156	ppdB
EG11157	ygeA
EG11158	fau
EG11159	argO
EG11160	mscS
EG11161	yggC
EG11162	yggD
EG11164	ygiB
EG11165	ygiC
EG11166	ygiD
EG11167	zupT
EG11168	ttdA
EG11169	ttdB
EG11171	tsaD
EG11172	tdcD
EG11173	yhaB
EG11174	yhaC
EG11175	garK
EG11176	garR
EG11177	truB
EG11178	rbfA
EG11179	rimP
EG11180	mscL
EG11181	bfd
EG11182	yhfA
EG11183	damX
EG11184	yhhA
EG11186	yiaA
EG11187	yibA
EG11188	yibB
EG11189	waaC
EG11190	coaD
EG11191	slmA
EG11192	yicC
EG11193	dinD
EG11194	xanP
EG11195	yidA
EG11196	yidB
EG11197	yidC
EG11198	glmU
EG11199	mioC
EG11201	yigA
EG11202	yigB
EG11203	yihA
EG11204	murI
EG11205	murB
EG11206	yjaA
EG11207	yjaB
EG11208	arpA
EG11209	psiE
EG11210	yjdA
EG11211	epmA
EG11212	nsrR
EG11214	yjjA
EG11215	yjjB
EG11217	creA
EG11218	creB
EG11219	ydcA
EG11221	zwf
EG11222	alkA
EG11223	argH
EG11224	fliO
EG11225	dcuA
EG11226	leuA
EG11227	fdnG
EG11228	fdnH
EG11229	fdnI
EG11230	melR
EG11231	rpmI
EG11232	rpmJ
EG11233	rstB
EG11234	ydiB
EG11235	rhlE
EG11236	yahA
EG11237	chiA
EG11238	ybhB
EG11239	ybhA
EG11240	hokB
EG11241	ycaC
EG11242	ycaD
EG11244	yggE
EG11245	yggF
EG11246	uspE
EG11247	rlmD
EG11249	mazF
EG11250	chpS
EG11251	ychA
EG11252	mukE
EG11253	ycbB
EG11254	rlmH
EG11255	rsfS
EG11256	iraP
EG11257	yaiC
EG11258	focA
EG11259	rnr
EG11260	yifB
EG11261	nfsA
EG11262	tsgA
EG11263	gspB
EG11265	cmk
EG11266	waaH
EG11267	yiaB
EG11268	fmt
EG11269	hisL
EG11270	ilvL
EG11271	pheL
EG11272	pheM
EG11274	trpL
EG11275	ivbL
EG11276	tnaC
EG11277	thrL
EG11279	pyrL
EG11280	leuL
EG11281	mutL
EG11282	hyfB
EG11283	phnE
EG11284	fabZ
EG11285	glrR
EG11286	argE
EG11287	ygbA
EG11288	mak
EG11289	preA
EG11290	yeiB
EG11291	loiP
EG11292	yghA
EG11293	lolB
EG11294	ispE
EG11295	wzzE
EG11296	radA
EG11297	dsbA
EG11298	yhdE
EG11299	rng
EG11300	ydfA
EG11301	ydfB
EG11302	ydfC
EG11303	ydfD
EG11304	ydfE
EG11305	tatE
EG11306	lipA
EG11307	ydbA
EG11309	ydbC
EG11310	ydbD
EG11311	dusB
EG11312	yicR
EG11313	rhaT
EG11314	purB
EG11315	acuI
EG11316	malS
EG11317	fabD
EG11318	fabG
EG11319	galU
EG11320	nrdR
EG11321	ribD
EG11322	ribE
EG11323	ygfB
EG11324	ubiH
EG11325	acnA
EG11326	codA
EG11327	codB
EG11328	fdx
EG11329	gabD
EG11330	gabP
EG11331	ribA
EG11332	upp
EG11333	visC
EG11334	ligB
EG11335	nadR
EG11336	endA
EG11337	lysP
EG11338	msyB
EG11339	waaG
EG11340	waaP
EG11341	waaQ
EG11342	ychE
EG11343	mdtG
EG11344	mnmA
EG11345	hflD
EG11346	fliE
EG11347	fliF
EG11348	yidD
EG11350	waaS
EG11351	waaB
EG11352	waaR
EG11353	waaJ
EG11354	emrA
EG11355	fliA
EG11356	fliZ
EG11357	dinG
EG11358	murA
EG11359	gspO
EG11360	bax
EG11361	asmA
EG11362	gluQ
EG11363	amiB
EG11364	bglH
EG11366	rob
EG11367	barA
EG11368	menB
EG11369	ubiC
EG11370	ubiA
EG11371	pgpC
EG11372	tadA
EG11373	mltF
EG11374	folK
EG11375	folE
EG11376	ftsP
EG11377	plsC
EG11378	sufA
EG11379	appB
EG11380	appC
EG11381	glgS
EG11383	elbB
EG11384	ahpC
EG11385	ahpF
EG11387	amyA
EG11388	fliS
EG11389	fliT
EG11390	uspA
EG11391	osmY
EG11392	nhaB
EG11393	dsbB
EG11394	fabR
EG11395	yijD
EG11396	ubiD
EG11398	hdeA
EG11399	hdeB
EG11400	yhiD
EG11401	psiF
EG11402	treC
EG11403	ppx
EG11404	ychF
EG11405	cydD
EG11406	ribC
EG11407	dadA
EG11408	dadX
EG11409	lpxK
EG11410	yjgA
EG11411	glnD
EG11412	holA
EG11413	holC
EG11414	holD
EG11415	dps
EG11417	nrdD
EG11418	dcd
EG11419	bcr
EG11421	cynR
EG11422	inaA
EG11423	waaU
EG11424	waaL
EG11425	waaY
EG11426	waaZ
EG11427	tktA
EG11428	sthA
EG11429	yjaZ
EG11430	roxA
EG11431	yfeC
EG11432	yfeD
EG11433	msrA
EG11434	marA
EG11435	marR
EG11436	yjgB
EG11437	plsX
EG11438	yceF
EG11439	emrB
EG11440	def
EG11441	prlC
EG11442	gcvT
EG11443	rpiA
EG11444	scpA
EG11445	argK
EG11447	csrA
EG11448	acs
EG11449	hdfR
EG11450	yifE
EG11451	wecB
EG11452	wecC
EG11453	rffG
EG11454	rffH
EG11455	wecD
EG11456	wecE
EG11457	wzyE
EG11458	wecG
EG11459	yifK
EG11460	narQ
EG11462	yigE
EG11463	corA
EG11464	yigF
EG11465	yigG
EG11466	rarD
EG11467	yigI
EG11468	rhtC
EG11469	rhtB
EG11470	yigL
EG11471	yigM
EG11472	rmuC
EG11473	ubiE
EG11474	yigP
EG11476	ubiB
EG11478	tatA
EG11479	tatC
EG11481	tatD
EG11484	yigZ
EG11485	hemG
EG11486	wzxE
EG11487	pdxH
EG11488	mliC
EG11489	csgA
EG11490	gadB
EG11491	dinF
EG11492	qorA
EG11493	pabC
EG11494	yceG
EG11495	hdeD
EG11496	prfH
EG11497	prmA
EG11498	yhdJ
EG11499	yhbE
EG11500	holB
EG11501	adiA
EG11502	rcsF
EG11503	tsaA
EG11504	metQ
EG11505	holE
EG11506	ftsH
EG11507	rlmE
EG11508	sra
EG11510	ppk
EG11511	mog
EG11512	yaaH
EG11513	yaaI
EG11514	gltF
EG11515	yhcA
EG11516	ycgB
EG11517	glpX
EG11518	fpr
EG11519	nikR
EG11520	yhhH
EG11521	ybfA
EG11522	ybfB
EG11523	ybfC
EG11524	ybfD
EG11525	yhhI
EG11526	ydcC
EG11527	narP
EG11528	fabI
EG11529	ftsN
EG11530	fadD
EG11531	cfa
EG11532	menC
EG11533	ychH
EG11534	ibpA
EG11535	ibpB
EG11536	yidE
EG11537	yceH
EG11538	trmN
EG11539	pyrH
EG11540	wrbA
EG11541	kup
EG11542	tesA
EG11543	hemE
EG11544	gadE
EG11545	flgL
EG11546	nadC
EG11547	rnt
EG11548	lhr
EG11549	pepT
EG11551	hypF
EG11552	hydN
EG11553	glmM
EG11554	stpA
EG11555	yaaJ
EG11556	talB
EG11557	caiD
EG11558	caiC
EG11559	caiB
EG11560	caiA
EG11561	caiT
EG11562	fixA
EG11563	fixB
EG11564	fixC
EG11565	fixX
EG11566	yaaU
EG11568	kefF
EG11569	lptD
EG11570	djlA
EG11571	yabI
EG11572	thiQ
EG11573	thiP
EG11574	thiB
EG11575	leuD
EG11576	leuC
EG11577	leuB
EG11578	greB
EG11579	ybiA
EG11580	ybiB
EG11581	ybiC
EG11583	gcl
EG11584	hyi
EG11585	thiC
EG11586	thiE
EG11587	thiF
EG11589	thiG
EG11590	thiH
EG11591	lipB
EG11592	ybeD
EG11594	ybeF
EG11595	moaA
EG11596	moaB
EG11597	moaD
EG11598	moaE
EG11599	marB
EG11600	sseA
EG11601	sseB
EG11602	glnE
EG11603	ygiF
EG11604	smf
EG11605	smg
EG11606	kch
EG11607	yciI
EG11608	clsA
EG11609	evgA
EG11610	evgS
EG11611	insZ
EG11612	proP
EG11613	eptA
EG11614	basS
EG11615	basR
EG11616	sugE
EG11617	baeS
EG11618	baeR
EG11619	mfd
EG11620	rnb
EG11621	metN
EG11622	mdlA
EG11623	sdaB
EG11624	artP
EG11625	artI
EG11626	artQ
EG11627	artM
EG11628	artJ
EG11629	potF
EG11630	potG
EG11631	potH
EG11632	potI
EG11634	nohQ
EG11635	nohD
EG11636	ydeA
EG11637	marC
EG11639	eamA
EG11640	ydeE
EG11643	ydeH
EG11644	ydeI
EG11645	ydeJ
EG11646	psuK
EG11647	accA
EG11648	dkgB
EG11649	yafC
EG11650	yafD
EG11651	yafE
EG11652	degS
EG11653	cyaY
EG11654	fliG
EG11656	fliH
EG11657	ybbA
EG11658	uidB
EG11659	yedD
EG11660	yedE
EG11661	yedF
EG11663	slyD
EG11664	slyX
EG11665	bacA
EG11666	moaC
EG11667	atoS
EG11668	atoC
EG11669	atoD
EG11670	atoA
EG11671	atoE
EG11672	atoB
EG11673	folB
EG11674	plsY
EG11675	panB
EG11676	hslV
EG11677	modF
EG11678	yadC
EG11679	aas
EG11680	lptB
EG11681	hpf
EG11682	ptsN
EG11683	yicG
EG11684	yicH
EG11685	yicI
EG11686	yicJ
EG11687	setC
EG11688	yicL
EG11689	nepI
EG11690	yicN
EG11691	yicO
EG11692	ade
EG11693	emrD
EG11694	yidF
EG11695	yidG
EG11696	yidH
EG11697	yidI
EG11698	galM
EG11699	gpmA
EG11700	pnuC
EG11701	udk
EG11702	nudC
EG11703	acrA
EG11704	acrB
EG11705	yidJ
EG11706	yidK
EG11707	yidL
EG11708	glvG
EG11710	glvC
EG11711	yidP
EG11712	yidQ
EG11713	yidR
EG11714	cbrA
EG11715	dgoT
EG11716	dgoA
EG11717	dgoK
EG11718	dgoR
EG11719	yidX
EG11720	mdtL
EG11721	yidZ
EG11722	yieE
EG11723	chrR
EG11724	purP
EG11725	yieH
EG11726	cbrB
EG11727	cbrC
EG11728	yieK
EG11729	yieL
EG11730	viaA
EG11731	ravA
EG11732	hsrA
EG11733	yieP
EG11734	phoH
EG11735	efeB
EG11736	gmhB
EG11737	metI
EG11738	rsd
EG11739	nfrB
EG11740	nfrA
EG11741	envR
EG11742	yddA
EG11743	yddB
EG11744	pqqL
EG11746	panC
EG11747	panD
EG11748	yadD
EG11749	yadE
EG11750	yhgA
EG11751	otsA
EG11752	otsB
EG11753	chaA
EG11754	setA
EG11755	hchA
EG11756	prpC
EG11757	tsaE
EG11758	nnr
EG11759	yciK
EG11760	ydcD
EG11761	pptA
EG11762	yibF
EG11763	yibG
EG11764	yibH
EG11765	yibI
EG11766	yibJ
EG11767	yhhJ
EG11768	mnmH
EG11769	ybbC
EG11770	ybbD
EG11772	yafF
EG11773	nuoM
EG11774	nuoF
EG11775	ybfE
EG11776	ybfF
EG11777	ybfG
EG11779	trmI
EG11780	yneO
EG11781	nrfA
EG11782	smpB
EG11783	intA
EG11784	grcA
EG11785	yfiE
EG11786	yfiF
EG11787	gmd
EG11788	wcaG
EG11789	wcaH
EG11790	wcaI
EG11791	cmtB
EG11792	cmtA
EG11793	ygdD
EG11794	rlmM
EG11795	gcvA
EG11796	lplA
EG11797	talA
EG11798	hofC
EG11799	hybA
EG11800	hybB
EG11801	hybC
EG11802	hybD
EG11803	hybE
EG11804	hybF
EG11805	hybG
EG11806	yebE
EG11807	yebF
EG11808	yebG
EG11809	purT
EG11810	gcvP
EG11811	aidB
EG11812	yjfC
EG11814	torA
EG11815	torC
EG11816	ispF
EG11817	surE
EG11818	stfE
EG11819	purU
EG11820	yceI
EG11821	amtB
EG11822	puuB
EG11823	amiA
EG11824	yghB
EG11825	yddE
EG11826	etk
EG11827	rpiB
EG11828	mobB
EG11829	mobA
EG11830	yihD
EG11831	srkA
EG11832	yihF
EG11833	yihG
EG11835	yihI
EG11836	hemN
EG11837	typA
EG11838	yihL
EG11839	yihM
EG11840	yihN
EG11841	yihO
EG11842	yihP
EG11843	yihQ
EG11844	yihR
EG11845	yihS
EG11846	yihT
EG11847	yihU
EG11848	yihV
EG11849	yihW
EG11850	yihX
EG11851	yihY
EG11852	dtd
EG11853	yiiD
EG11854	yiiE
EG11855	yiiF
EG11856	fdoI
EG11857	fdoH
EG11858	fdoG
EG11859	fdhD
EG11860	yiiG
EG11861	frvR
EG11862	frvX
EG11863	frvB
EG11864	frvA
EG11865	rhaM
EG11866	rhaD
EG11867	rhaA
EG11868	rhaB
EG11869	kdgT
EG11870	yiiM
EG11871	gph
EG11872	cpxP
EG11873	fieF
EG11874	yiiQ
EG11875	yiiR
EG11876	yiiS
EG11877	uspD
EG11878	zapB
EG11879	rraA
EG11880	menA
EG11881	hslU
EG11882	yiiX
EG11883	tehA
EG11884	tehB
EG11885	opgG
EG11886	opgH
EG11887	trxC
EG11888	trmL
EG11889	dctR
EG11890	slp
EG11891	yeeA
EG11892	sbmC
EG11893	dacD
EG11894	yeeD
EG11895	yeeE
EG11896	plaP
EG11897	rpoE
EG11899	recT
EG11900	ralR
EG11901	rcbA
EG11902	yijE
EG11903	yijF
EG11904	gldA
EG11905	fsaB
EG11906	ptsA
EG11908	frwC
EG11909	frwB
EG11910	pflD
EG11911	pflC
EG11912	frwD
EG11913	yijO
EG11914	eptC
EG11915	nfi
EG11916	yjaG
EG11917	yjaH
EG11918	zraP
EG11919	yjbB
EG11920	pepE
EG11921	rluF
EG11922	yjbD
EG11923	yjbE
EG11924	yjbF
EG11925	yjbG
EG11926	yjbH
EG11927	yjbI
EG11928	yjbJ
EG11929	zur
EG11930	yjbL
EG11931	yjbM
EG11932	dusA
EG11933	pspG
EG11934	aphA
EG11935	yjbQ
EG11936	yjbR
EG11937	yjcB
EG11938	yjcC
EG11939	yjcD
EG11940	yjcE
EG11941	yjcF
EG11942	actP
EG11943	yjcH
EG11945	nrfB
EG11946	nrfC
EG11947	nrfD
EG11948	nrfE
EG11949	nrfF
EG11950	nrfG
EG11951	yjcO
EG11952	mdtP
EG11953	mdtO
EG11954	mdtN
EG11955	yjcS
EG11956	alsK
EG11957	alsE
EG11958	alsC
EG11959	alsA
EG11960	rpe
EG11961	lldP
EG11962	lldR
EG11963	lldD
EG11964	yibL
EG11965	mtlR
EG11966	adiY
EG11967	flgK
EG11968	arfA
EG11969	zntR
EG11970	yhdN
EG11971	nupC
EG11972	htrE
EG11973	yadV
EG11974	fimI
EG11975	fliP
EG11976	fliQ
EG11977	fliR
EG11978	rfbA
EG11979	rfbC
EG11980	wzxB
EG11981	glf
EG11982	wbbH
EG11983	wbbI
EG11984	wbbJ
EG11985	wbbK
EG11986	wbbL
EG11987	yehA
EG11988	yehB
EG11989	yehC
EG11990	yehD
EG11991	yehE
EG11992	yehH
EG11995	yehI
EG11997	yehK
EG11998	yehL
EG11999	yehM
EG12002	yehP
EG12003	yehQ
EG12004	yehR
EG12005	yehS
EG12006	yehT
EG12007	yehU
EG12008	mlrA
EG12009	yehW
EG12010	yehX
EG12011	yehY
EG12012	osmF
EG12013	bglX
EG12015	pbpG
EG12016	yohC
EG12017	yohD
EG12019	yohF
EG12020	mdtQ
EG12022	dusC
EG12023	yohJ
EG12024	yohK
EG12025	sanA
EG12026	yeiG
EG12027	yeiH
EG12028	yeiI
EG12029	nupX
EG12030	rihB
EG12031	yeiL
EG12032	psuT
EG12033	psuG
EG12034	setB
EG12035	yeiP
EG12036	yeiQ
EG12037	yejA
EG12038	yejB
EG12040	yejE
EG12041	yejF
EG12042	yejG
EG12043	yejL
EG12044	rsuA
EG12045	yejH
EG12048	yejK
EG12049	yejM
EG12051	yejO
EG12052	ccmH
EG12053	dsbE
EG12054	ccmF
EG12055	ccmE
EG12057	ccmC
EG12058	ccmB
EG12059	ccmA
EG12060	napC
EG12061	napB
EG12062	napH
EG12064	napG
EG12067	napA
EG12068	napF
EG12069	mqo
EG12070	yojI
EG12073	apbE
EG12074	mokC
EG12075	nikA
EG12076	nikB
EG12077	nikC
EG12078	nikD
EG12079	nikE
EG12080	recX
EG12081	ppdA
EG12082	nuoA
EG12083	nuoB
EG12084	nuoC
EG12086	nuoE
EG12087	nuoG
EG12088	nuoH
EG12089	nuoI
EG12090	nuoJ
EG12091	nuoK
EG12092	nuoL
EG12093	nuoN
EG12094	sgrR
EG12095	secG
EG12096	chpB
EG12097	yfiH
EG12098	rluD
EG12099	efp
EG12100	tktB
EG12101	feoA
EG12102	feoB
EG12103	gapC
EG12104	yeiR
EG12105	yeiE
EG12106	hofB
EG12107	ppdD
EG12108	norR
EG12110	ydcF
EG12111	nlpD
EG12112	alpA
EG12113	hofQ
EG12114	prfC
EG12115	yjjG
EG12116	acrR
EG12119	ychJ
EG12120	rssA
EG12121	rssB
EG12122	yggI
EG12123	lrhA
EG12124	hisJ
EG12125	hisQ
EG12126	kdpF
EG12127	treB
EG12128	lgt
EG12129	uraA
EG12130	hscA
EG12131	hscB
EG12132	iscA
EG12133	ucpA
EG12134	rhtA
EG12135	ompX
EG12136	mdtD
EG12137	nlpE
EG12138	yaeF
EG12139	yfhG
EG12140	ydhB
EG12141	ydhC
EG12142	sdaC
EG12143	napD
EG12144	pgm
EG12146	yhbJ
EG12147	npr
EG12148	galP
EG12149	asr
EG12150	cobS
EG12151	cobT
EG12152	idnK
EG12153	narU
EG12154	sieB
EG12155	kilR
EG12156	ydaE
EG12157	ydaF
EG12158	rdgC
EG12159	yaiE
EG12161	eaeH
EG12162	gatR
EG12163	rsmB
EG12164	ytjC
EG12165	mukF
EG12166	ycbC
EG12167	smtA
EG12168	brnQ
EG12169	ccmD
EG12171	yjjI
EG12172	hinT
EG12173	gspM
EG12174	ydaG
EG12176	yjdC
EG12177	cutA
EG12178	dsbD
EG12179	cspE
EG12180	pagP
EG12181	grxD
EG12182	yajG
EG12183	ampG
EG12184	nudF
EG12185	yqiB
EG12186	yqiA
EG12187	cpdA
EG12188	ptsP
EG12189	hemF
EG12190	eutR
EG12191	glnK
EG12192	nadK
EG12193	cbpA
EG12194	cbpM
EG12195	torD
EG12196	yccE
EG12197	seqA
EG12198	chbG
EG12200	yegD
EG12201	ygaC
EG12202	treR
EG12203	cspB
EG12204	cspC
EG12205	cspF
EG12207	rlmA
EG12209	crcB
EG12210	waaF
EG12211	panM
EG12212	yhhL
EG12213	yhhM
EG12214	yhhN
EG12215	zntA
EG12216	tusA
EG12217	yhhQ
EG12218	dcrB
EG12219	yhhS
EG12220	yhhT
EG12221	acpT
EG12223	rbbA
EG12224	yhiI
EG12225	yhiJ
EG12227	yhiL
EG12228	yhiM
EG12229	yhiN
EG12230	pitA
EG12231	uspB
EG12232	dtpB
EG12233	rsmJ
EG12234	rlmJ
EG12235	arsR
EG12236	arsB
EG12237	arsC
EG12238	yhiS
EG12240	mdtE
EG12241	mdtF
EG12242	gadW
EG12243	gadX
EG12244	yhjA
EG12245	treF
EG12246	yhjB
EG12247	yhjC
EG12248	yhjD
EG12249	yhjE
EG12251	yhjG
EG12252	yhjH
EG12253	kdgK
EG12254	yhjJ
EG12256	yhjK
EG12257	bcsC
EG12258	bcsZ
EG12259	bcsB
EG12260	bcsA
EG12261	bcsQ
EG12262	yhjR
EG12263	bcsE
EG12264	bcsF
EG12265	bcsG
EG12266	yhjV
EG12267	eptB
EG12268	yhjX
EG12269	yhjY
EG12270	yiaC
EG12271	yiaD
EG12272	ghrB
EG12273	yiaF
EG12274	wecH
EG12275	xylG
EG12276	xylH
EG12278	yiaJ
EG12279	yiaK
EG12280	yiaL
EG12281	yiaM
EG12282	yiaN
EG12283	yiaO
EG12284	lyxK
EG12285	yiaQ
EG12286	yiaR
EG12287	yiaS
EG12288	yiaT
EG12289	yiaU
EG12290	yiaV
EG12291	yiaW
EG12292	aldB
EG12293	yiaY
EG12294	grxC
EG12295	yibN
EG12296	gpmM
EG12297	envC
EG12298	yibQ
EG12301	rutR
EG12302	tmk
EG12303	ycfH
EG12304	sapD
EG12305	sapF
EG12306	yccF
EG12307	mgsA
EG12308	yfhH
EG12309	yjtD
EG12310	pepB
EG12311	iscX
EG12312	coaE
EG12313	zapD
EG12314	yacG
EG12315	yacH
EG12316	acnB
EG12318	cueO
EG12319	can
EG12320	yadG
EG12321	yadH
EG12322	yadI
EG12323	yfaD
EG12325	yadK
EG12326	yadL
EG12327	yadM
EG12328	yadN
EG12329	hrpB
EG12330	ligT
EG12331	clcA
EG12332	erpA
EG12333	yadS
EG12334	btuF
EG12335	cdaR
EG12336	yaeH
EG12337	yaeI
EG12338	yagA
EG12339	yagB
EG12340	afuC
EG12341	rseA
EG12342	yjjJ
EG12343	yjjK
EG12344	pspF
EG12345	ydfG
EG12346	hokA
EG12347	yecC
EG12348	xisD
EG12349	exoD
EG12350	peaD
EG12351	renD
EG12352	ppiC
EG12353	yifL
EG12354	arfB
EG12356	rtcR
EG12357	fadK
EG12358	ssuB
EG12359	ybgD
EG12360	yfaE
EG12361	kduD
EG12362	menF
EG12363	ygiL
EG12364	intB
EG12365	prkB
EG12366	rsmE
EG12367	cusA
EG12368	znuB
EG12369	ydjE
EG12370	intE
EG12371	nlpI
EG12372	ygdG
EG12373	ygdH
EG12374	yhfG
EG12375	ycaI
EG12376	yfeH
EG12378	yecD
EG12379	yecE
EG12380	gntT
EG12381	nrdF
EG12382	fxsA
EG12384	ybcF
EG12385	rcsD
EG12386	csiR
EG12387	lhgO
EG12388	sfmF
EG12389	nanC
EG12390	ybfI
EG12391	ydiE
EG12392	dauA
EG12393	ttdT
EG12394	msrB
EG12395	ybgE
EG12396	yegE
EG12397	ycbF
EG12399	dhaM
EG12400	mdtK
EG12401	rlmN
EG12402	chaB
EG12403	chaC
EG12404	ychN
EG12405	ychO
EG12406	ybiH
EG12407	iaaA
EG12409	aegA
EG12410	nudK
EG12411	rfbD
EG12412	rfbB
EG12413	intS
EG12414	gatA
EG12415	gatB
EG12416	gatC
EG12417	gatD
EG12418	gatZ
EG12419	gatY
EG12420	yfdC
EG12421	ybiI
EG12422	ybiJ
EG12423	tauD
EG12424	prmC
EG12425	ogrK
EG12427	modA
EG12429	tomB
EG12431	puuR
EG12432	ydiF
EG12433	rluB
EG12434	ygiM
EG12436	rseP
EG12437	menE
EG12438	menH
EG12439	yjfF
EG12440	mpl
EG12442	yfjD
EG12443	yggL
EG12444	ycfJ
EG12445	eamB
EG12446	yfiL
EG12447	speG
EG12448	ybcH
EG12449	prmB
EG12450	norW
EG12451	rspA
EG12452	rspB
EG12453	rraB
EG12454	ybaK
EG12455	lplT
EG12456	gadC
EG12457	ydgA
EG12458	alsB
EG12459	rpiR
EG12460	yjcZ
EG12462	adiC
EG12463	yjdF
EG12464	dcuR
EG12465	dcuS
EG12466	yjdI
EG12467	yjdJ
EG12468	yjdK
EG12469	dtpC
EG12470	yjeH
EG12471	yjeI
EG12472	yjeJ
EG12473	epmB
EG12474	blc
EG12475	yjeM
EG12476	yjeN
EG12477	yjeO
EG12478	mscM
EG12479	rsgA
EG12480	orn
EG12481	queG
EG12482	yjeT
EG12483	rlmB
EG12484	yjfI
EG12485	yjfJ
EG12486	yjfK
EG12487	yjfL
EG12488	yjfM
EG12489	bsmA
EG12490	yjfP
EG12491	ulaR
EG12492	ulaG
EG12493	ulaA
EG12494	ulaB
EG12495	ulaC
EG12496	ulaD
EG12497	ulaE
EG12498	ulaF
EG12499	yjfY
EG12500	yjfZ
EG12501	ytfA
EG12502	ytfB
EG12503	fklB
EG12504	cycA
EG12505	ytfE
EG12506	ytfF
EG12507	qorB
EG12508	ytfH
EG12509	ytfI
EG12510	ytfJ
EG12511	ytfK
EG12512	ytfL
EG12513	tamA
EG12514	tamB
EG12516	ytfP
EG12517	ytfQ
EG12518	ytfR
EG12520	ytfT
EG12521	yjfN
EG12522	garD
EG12523	nrdG
EG12524	ridA
EG12525	mgtA
EG12527	yjgH
EG12528	bdcA
EG12529	bdcR
EG12530	tabA
EG12531	yjgL
EG12532	yjgM
EG12533	yjgN
EG12535	lptF
EG12536	lptG
EG12537	yjgR
EG12538	idnR
EG12539	idnT
EG12540	idnO
EG12541	idnD
EG12543	yjgX
EG12544	yjhB
EG12545	yjhC
EG12546	yjhD
EG12547	yjhE
EG12548	yjhF
EG12549	yjhG
EG12550	yjhH
EG12551	yjhI
EG12552	sgcR
EG12553	sgcE
EG12554	sgcA
EG12555	sgcQ
EG12556	sgcC
EG12557	sgcX
EG12558	yjhP
EG12559	yjhQ
EG12560	yjhR
EG12561	nanS
EG12562	nanM
EG12563	gntP
EG12564	yjiC
EG12565	iraD
EG12566	yjiE
EG12567	iadA
EG12568	yjiG
EG12569	yjiH
EG12570	kptA
EG12571	yjiJ
EG12572	yjiK
EG12573	yjiL
EG12574	yjiM
EG12575	yjiN
EG12576	mdtM
EG12577	yjiP
EG12579	yjiR
EG12580	yjiS
EG12581	yjiT
EG12583	yjiV
EG12584	symE
EG12585	yjiX
EG12586	yjiY
EG12588	yjjL
EG12589	yjjM
EG12590	yjjN
EG12591	opgB
EG12592	yjjP
EG12593	yjjQ
EG12594	bglJ
EG12595	fhuF
EG12596	rsmC
EG12597	yjjU
EG12598	yjjV
EG12599	yjjW
EG12600	yjjX
EG12601	yjjY
EG12603	yjgZ
EG12604	yjhU
EG12605	yacL
EG12606	fabF
EG12607	yfcC
EG12608	caiE
EG12609	rluA
EG12610	yabP
EG12612	degQ
EG12613	gstA
EG12614	yhcB
EG12615	torR
EG12616	torT
EG12617	torS
EG12618	lptA
EG12619	ybdF
EG12620	ybdG
EG12621	csgB
EG12622	adhP
EG12623	ybaL
EG12624	yiaG
EG12625	dppB
EG12626	dppC
EG12627	dppD
EG12628	dppF
EG12629	gntK
EG12630	gntR
EG12631	gntU
EG12634	ygcB
EG12636	dsrB
EG12637	rnk
EG12642	pdxK
EG12644	yfeK
EG12651	wcaM
EG12652	wcaL
EG12653	ycjD
EG12656	mdaB
EG12657	ygiN
EG12659	yceJ
EG12661	gltJ
EG12662	gltK
EG12663	gltL
EG12664	flgM
EG12665	flgN
EG12666	lpxH
EG12667	uidR
EG12668	uidC
EG12669	solA
EG12670	dinI
EG12671	pmrD
EG12672	tpx
EG12674	uspF
EG12675	ygaU
EG12676	bamA
EG12677	iscS
EG12678	znuA
EG12679	yeaD
EG12680	fliY
EG12682	erfK
EG12683	uspG
EG12684	lolA
EG12685	ygfZ
EG12686	flu
EG12688	grxB
EG12689	yceK
EG12690	rarA
EG12691	yciM
EG12692	ybdH
EG12693	nudL
EG12694	ttdR
EG12695	azoR
EG12697	fldB
EG12698	pncC
EG12699	mltB
EG12700	gltI
EG12701	rihA
EG12702	ycaK
EG12703	yccJ
EG12704	yggM
EG12705	yggN
EG12707	ygbE
EG12708	ybcI
EG12709	yedI
EG12710	yedJ
EG12712	luxS
EG12713	yddG
EG12715	dxr
EG12717	mug
EG12718	patA
EG12719	ygjH
EG12720	ygjI
EG12721	ygjJ
EG12722	ygjK
EG12723	fadH
EG12724	higA
EG12725	higB
EG12726	rlmG
EG12727	ygjP
EG12728	ygjQ
EG12729	ygjR
EG12731	alx
EG12732	sstT
EG12733	ygjV
EG12734	uxaA
EG12737	uxaC
EG12738	exuT
EG12739	exuR
EG12740	yqjA
EG12741	mzrA
EG12742	yqjC
EG12743	yqjD
EG12744	yqjE
EG12745	yqjF
EG12746	yqjG
EG12747	yhaH
EG12748	yhaI
EG12749	yhaJ
EG12750	yhaK
EG12751	yhaL
EG12752	yhaM
EG12754	yhaO
EG12756	tdcG
EG12757	tdcF
EG12758	tdcE
EG12760	garP
EG12761	yhaV
EG12762	agaR
EG12763	kbaZ
EG12764	agaV
EG12765	agaW
EG12766	agaA
EG12767	agaS
EG12768	kbaY
EG12769	agaB
EG12770	agaC
EG12771	agaD
EG12772	agaI
EG12773	yraH
EG12774	yraI
EG12775	yraJ
EG12776	yraK
EG12777	rsmI
EG12778	lpoA
EG12779	yraN
EG12780	diaA
EG12781	yraP
EG12782	yraQ
EG12783	yraR
EG12784	yhbO
EG12785	yhbP
EG12786	yhbQ
EG12788	yhbS
EG12789	yhbT
EG12790	yhbU
EG12791	yhbV
EG12792	yhbW
EG12793	yhbX
EG12794	yhbY
EG12795	obgE
EG12796	ibaG
EG12797	mlaB
EG12798	mlaC
EG12799	mlaD
EG12800	mlaE
EG12801	mlaF
EG12802	yrbG
EG12803	kdsD
EG12804	kdsC
EG12806	lptC
EG12807	yrbL
EG12808	mtgA
EG12809	yhcC
EG12810	yhcD
EG12811	yhcE
EG12812	yhcF
EG12813	yhcG
EG12814	yhcH
EG12815	nanK
EG12816	nanE
EG12817	nanR
EG12818	dcuD
EG12819	yhcM
EG12820	yhcN
EG12821	yhcO
EG12822	aaeB
EG12823	aaeA
EG12824	aaeX
EG12825	aaeR
EG12826	tldD
EG12827	yhdP
EG12830	ybaM
EG12831	yhdT
EG12832	yhdU
EG12833	yhdV
EG12834	yhdW
EG12835	yhdX
EG12836	yhdY
EG12837	yhdZ
EG12838	yrdA
EG12839	yrdB
EG12840	tsaC
EG12841	yrdD
EG12842	ybjC
EG12843	ybaN
EG12844	yefM
EG12845	ygbF
EG12850	yfaL
EG12851	ybeL
EG12853	abgT
EG12854	ybgF
EG12855	matP
EG12857	yfiM
EG12859	opgD
EG12860	yebK
EG12861	yecF
EG12862	uspC
EG12863	yecH
EG12865	ydcH
EG12866	proQ
EG12867	ampH
EG12868	yciN
EG12869	ybfK
EG12870	ycjF
EG12874	yajI
EG12875	ybhC
EG12876	tusE
EG12877	stfP
EG12878	zapA
EG12879	ybcJ
EG12880	yfiN
EG12881	yfaH
EG12882	gss
EG12883	pitB
EG12885	gspF
EG12886	gspG
EG12887	gspH
EG12888	gspA
EG12889	gspC
EG12890	gspD
EG12891	gspE
EG12892	gspI
EG12893	gspJ
EG12894	gspK
EG12895	gspL
EG12896	tusB
EG12897	tusC
EG12898	tusD
EG12899	yheO
EG12900	fkpA
EG12901	lpxP
EG12902	kefG
EG12903	yheS
EG12904	yheT
EG12905	yheU
EG12906	yhfK
EG12907	yhfL
EG12908	frlA
EG12909	frlB
EG12910	frlC
EG12912	frlD
EG12913	frlR
EG12914	yhfS
EG12915	yhfT
EG12916	yhfU
EG12917	php
EG12918	yhfW
EG12919	yhfX
EG12920	yhfY
EG12921	yhfZ
EG12922	hofP
EG12923	hofO
EG12924	hofN
EG12925	hofM
EG12926	nudE
EG12927	yrfF
EG12928	yrfG
EG12929	hslR
EG12930	hslO
EG12931	yhgE
EG12932	yhgF
EG12933	feoC
EG12934	gntX
EG12935	nfuA
EG12936	hrpA
EG12938	rtcA
EG12939	rtcB
EG12940	ygaH
EG12941	yhgN
EG12943	yhhW
EG12944	yhhX
EG12945	yhhY
EG12946	yhhZ
EG12947	yrhA
EG12948	yrhB
EG12949	yfdN
EG12950	yfdM
EG12951	ynfM
EG12952	glcG
EG12953	yqjH
EG12954	yqjI
EG12955	aer
EG12956	cutC
EG12957	glk
EG12959	syd
EG12963	norV
EG12965	pqiA
EG12966	pqiB
EG12967	yciO
EG12969	yciQ
EG12971	ygfF
EG12972	scpB
EG12973	scpC
EG12974	ygfI
EG12976	yggP
EG12978	yggR
EG12979	yggS
EG12980	yggT
EG12981	yggU
EG12982	rdgB
EG12983	yggW
EG12984	yggX
EG12986	mltC
EG12987	yqgA
EG12988	yghD
EG12989	yghE
EG12990	yghF
EG12991	yghG
EG12992	pppA
EG12994	yghJ
EG12995	glcA
EG12996	glcE
EG12997	glcD
EG12998	glcC
EG12999	yghO
EG13001	yghQ
EG13002	yghR
EG13003	yghS
EG13004	yghT
EG13005	yghU
EG13006	hybO
EG13007	yghW
EG13008	yghX
EG13010	gpr
EG13011	yqhA
EG13013	yqhC
EG13014	yqhD
EG13015	dkgA
EG13017	yqhG
EG13018	yqhH
EG13019	ygiQ
EG13021	ygiS
EG13022	mqsA
EG13023	mqsR
EG13024	ygiV
EG13025	ygiW
EG13026	qseB
EG13027	qseC
EG13028	ygiZ
EG13031	yqiC
EG13033	ygcE
EG13034	queE
EG13035	ygcG
EG13036	ygeF
EG13037	ygeG
EG13038	ygeH
EG13039	ygeI
EG13040	pbl
EG13041	ygeK
EG13044	ygeN
EG13045	ygeO
EG13047	ygeQ
EG13048	ygeR
EG13049	xdhA
EG13050	xdhB
EG13051	xdhC
EG13052	ygeV
EG13053	ygeW
EG13054	ygeX
EG13055	ygeY
EG13056	hyuA
EG13057	yqeA
EG13058	yqeB
EG13059	yqeC
EG13060	mocA
EG13061	ygfK
EG13062	ssnA
EG13063	ygfM
EG13064	xdhD
EG13065	xanQ
EG13066	guaD
EG13067	ygfQ
EG13069	ygfS
EG13070	ygfT
EG13071	uacT
EG13072	idi
EG13074	cptA
EG13075	sdhE
EG13076	ygdR
EG13077	yqfA
EG13078	yqfB
EG13079	bglA
EG13081	ygdI
EG13082	csdA
EG13083	csdE
EG13084	tcdA
EG13085	mltA
EG13086	amiC
EG13091	rppH
EG13092	ygdQ
EG13093	tas
EG13096	kduI
EG13097	yqeF
EG13098	yqeG
EG13099	yqeH
EG13100	yqeI
EG13101	yqeJ
EG13102	pphB
EG13103	ygbI
EG13104	ygbJ
EG13105	ygbK
EG13106	ygbL
EG13107	ygbM
EG13108	ygbN
EG13109	truD
EG13110	ispD
EG13111	ftsB
EG13114	ygbT
EG13115	casE
EG13116	casD
EG13117	casC
EG13118	casB
EG13119	casA
EG13120	queD
EG13121	ygcN
EG13122	ygcO
EG13123	ygcP
EG13124	ygcQ
EG13125	ygcR
EG13126	ygcS
EG13128	ygcU
EG13130	ygcW
EG13132	znuC
EG13133	ycaL
EG13134	uup
EG13140	tynA
EG13141	dinB
EG13142	dinJ
EG13143	lafU
EG13144	lfhA
EG13145	fadE
EG13146	gmhA
EG13147	yafJ
EG13148	yafK
EG13149	yafL
EG13150	rayT
EG13151	yafN
EG13152	yafO
EG13153	yafP
EG13154	yafQ
EG13155	ais
EG13156	mlc
EG13159	xapB
EG13160	yfeN
EG13161	dsdC
EG13162	ybeM
EG13163	yqfE
EG13164	yqgB
EG13165	yqgC
EG13167	gudD
EG13168	gudX
EG13169	gudP
EG13170	yqcA
EG13171	truC
EG13172	yqcC
EG13173	queF
EG13174	yqcE
EG13175	ftnB
EG13176	yaiI
EG13177	rseB
EG13178	rseC
EG13179	feaB
EG13180	ydbH
EG13181	hslJ
EG13182	ydbJ
EG13183	ydbK
EG13184	elaA
EG13185	elaB
EG13186	ldhA
EG13187	puuE
EG13188	intQ
EG13189	folM
EG13190	rstA
EG13191	ydgC
EG13192	ratB
EG13193	ratA
EG13194	yfjH
EG13195	yfjI
EG13196	yfjJ
EG13197	yfjK
EG13198	yfjL
EG13199	yfjM
EG13200	rnlA
EG13201	rnlB
EG13202	yfjP
EG13203	yfjQ
EG13204	yfjR
EG13205	yfjS
EG13206	yfjT
EG13207	yfjU
EG13208	yfjV
EG13209	yfjW
EG13210	yfjX
EG13211	yfjY
EG13212	yfjZ
EG13213	ypjA
EG13215	yfhL
EG13216	cof
EG13217	ybaE
EG13218	ybaO
EG13219	ldcC
EG13220	tilS
EG13221	rof
EG13222	yaeP
EG13223	yaeQ
EG13224	yaeR
EG13226	ftsK
EG13227	modE
EG13228	ycjG
EG13230	ybhD
EG13231	pgl
EG13232	ymcE
EG13233	gnsA
EG13234	yccM
EG13235	mngA
EG13236	mngB
EG13237	nei
EG13238	cobU
EG13239	yeeH
EG13240	cobC
EG13241	nadD
EG13242	yecJ
EG13243	hlyE
EG13244	ybaP
EG13245	ybaQ
EG13246	copA
EG13247	glsA
EG13248	ybaT
EG13249	ppiD
EG13250	ybaV
EG13251	fadM
EG13252	queC
EG13253	ybaY
EG13254	ybaZ
EG13256	cueR
EG13257	ybbJ
EG13258	qmcA
EG13259	ybbL
EG13260	ybbM
EG13261	ybbN
EG13262	ybbO
EG13263	ybbP
EG13265	glxR
EG13267	allS
EG13268	fsr
EG13270	aqpZ
EG13271	panE
EG13272	yajL
EG13273	thiI
EG13274	yqeK
EG13275	nudI
EG13276	torZ
EG13277	torY
EG13278	yedK
EG13279	yedL
EG13281	yedN
EG13282	emrK
EG13283	emrY
EG13284	yfdE
EG13285	ygaM
EG13286	nrdH
EG13287	nrdI
EG13288	ygaP
EG13289	yqgE
EG13290	yqgF
EG13291	glcF
EG13292	mhpE
EG13293	mhpT
EG13294	yaiL
EG13295	frmB
EG13296	frmR
EG13297	yaiO
EG13298	yaiP
EG13299	tauB
EG13300	tauA
EG13301	tauC
EG13302	yaiS
EG13304	dtpD
EG13305	ybgI
EG13306	ybgJ
EG13307	ybgK
EG13308	ybgL
EG13309	ypjI
EG13310	abrB
EG13311	ybgO
EG13312	ybgP
EG13313	ybgQ
EG13314	ybhF
EG13315	ybhG
EG13316	ybiX
EG13317	fiu
EG13318	mcbA
EG13319	rlmF
EG13320	ybiO
EG13321	ybiP
EG13322	mntR
EG13323	ybiR
EG13324	ybiS
EG13325	ybiT
EG13326	ybiU
EG13327	ybiV
EG13328	ybiW
EG13329	ispU
EG13330	gloB
EG13331	yafS
EG13332	yafT
EG13333	yafU
EG13334	yafV
EG13335	yafW
EG13336	yafX
EG13337	yafY
EG13338	yafZ
EG13339	ykfA
EG13340	perR
EG13341	ykfC
EG13342	mmuP
EG13343	mmuM
EG13344	yagE
EG13345	yagF
EG13346	yagG
EG13347	yagH
EG13348	yjjZ
EG13349	yagI
EG13351	abgB
EG13352	abgA
EG13353	abgR
EG13354	smrA
EG13355	ydaM
EG13356	ydaN
EG13357	ttcA
EG13358	intR
EG13359	ydaQ
EG13360	racR
EG13361	ydaS
EG13362	ydaT
EG13363	ydaU
EG13364	ydaV
EG13365	ydaW
EG13366	rzpR
EG13367	ydaY
EG13369	ynaA
EG13370	stfR
EG13371	tfaR
EG13372	pinR
EG13373	ynaE
EG13374	ompL
EG13375	ompN
EG13376	mppA
EG13377	mtfA
EG13378	yeeJ
EG13380	yeeL
EG13381	ykgA
EG13382	yeeN
EG13383	yeeO
EG13384	yeeP
EG13385	yeeR
EG13386	yeeS
EG13387	yeeT
EG13388	cbeA
EG13389	cbtA
EG13390	yeeW
EG13391	yeeX
EG13392	yeeY
EG13393	yeeZ
EG13394	yfhM
EG13395	iscU
EG13396	hycI
EG13397	iscR
EG13398	ylbE
EG13399	fdrA
EG13405	yecM
EG13406	wzzB
EG13407	ugd
EG13408	slyA
EG13409	slyB
EG13410	csgD
EG13411	csgE
EG13412	csgF
EG13413	csgG
EG13414	csgC
EG13415	gmr
EG13416	hldE
EG13417	ybfL
EG13418	csiE
EG13419	sodC
EG13420	ydhF
EG13421	gloA
EG13422	feaR
EG13425	ybjD
EG13426	ybjE
EG13427	rlmC
EG13428	ompG
EG13429	flxA
EG13430	ycfL
EG13431	lpoB
EG13432	thiK
EG13433	nagZ
EG13434	ycfP
EG13435	ycfQ
EG13436	bhsA
EG13437	ycfS
EG13438	ycfT
EG13439	lolC
EG13440	lolD
EG13441	lolE
EG13442	nagK
EG13443	cobB
EG13444	ycfZ
EG13445	ymfA
EG13446	nudJ
EG13447	rluE
EG13448	ymfD
EG13449	ymfE
EG13451	caiF
EG13452	trmJ
EG13453	yfhR
EG13454	hcaT
EG13455	hcaR
EG13456	hcaE
EG13457	hcaF
EG13458	hcaC
EG13459	hcaB
EG13460	hcaD
EG13461	glrK
EG13462	yphA
EG13463	yphB
EG13464	yphC
EG13465	yphD
EG13466	yphE
EG13467	yphF
EG13468	yphG
EG13469	yphH
EG13470	ybiY
EG13471	fsaA
EG13472	gsiA
EG13473	gsiB
EG13474	gsiC
EG13475	gsiD
EG13476	yliE
EG13477	yliF
EG13478	rimO
EG13479	bssR
EG13480	yliI
EG13481	gstB
EG13482	ydjF
EG13483	ydjG
EG13484	ydjH
EG13485	ydjI
EG13486	ydjJ
EG13487	ydjK
EG13488	ydjL
EG13489	yeaC
EG13490	spy
EG13491	yeaE
EG13492	mipA
EG13493	yeaG
EG13494	yeaH
EG13495	yeaI
EG13496	yeaJ
EG13497	yeaK
EG13498	yeaL
EG13499	yeaM
EG13500	yeaN
EG13501	yeaO
EG13502	yeaP
EG13503	yeaQ
EG13504	yeaR
EG13505	leuE
EG13506	dmlR
EG13507	dmlA
EG13508	yeaV
EG13509	yeaW
EG13510	yeaX
EG13511	yeaY
EG13512	tsaB
EG13513	yoaA
EG13514	yoaB
EG13515	yoaC
EG13516	yoaD
EG13517	yoaE
EG13519	ypjC
EG13520	ygaQ
EG13523	csiD
EG13524	ygaV
EG13525	alaE
EG13527	ygaY
EG13528	ygaZ
EG13529	yqaA
EG13530	yqaB
EG13531	ybdL
EG13532	ybdM
EG13533	ybdN
EG13534	ybdO
EG13535	dsbG
EG13537	ybdR
EG13538	citT
EG13539	citG
EG13540	citX
EG13541	citF
EG13542	citE
EG13543	citD
EG13544	dpiA
EG13545	dcuC
EG13546	nemA
EG13547	ivy
EG13548	ykfB
EG13549	yagJ
EG13550	yagK
EG13551	yagL
EG13552	yagM
EG13553	yagN
EG13554	intF
EG13555	yagP
EG13556	paoD
EG13557	paoC
EG13558	paoB
EG13559	paoA
EG13560	yagU
EG13561	ecpE
EG13562	ecpD
EG13563	ecpC
EG13564	ecpB
EG13565	ecpA
EG13566	wza
EG13567	wzb
EG13568	wzc
EG13569	wcaA
EG13570	wcaB
EG13571	wcaC
EG13572	wcaD
EG13573	wcaE
EG13574	wcaF
EG13575	wcaJ
EG13576	wzxC
EG13577	wcaK
EG13578	wcaN
EG13579	ykgB
EG13580	ykgC
EG13581	ykgD
EG13582	ykgE
EG13583	ykgF
EG13584	ykgG
EG13585	ykgH
EG13586	yahB
EG13587	yahC
EG13588	yahD
EG13589	yahE
EG13590	yahF
EG13591	yahG
EG13593	yahI
EG13594	yahJ
EG13595	yahK
EG13596	yahL
EG13597	yahM
EG13598	yahN
EG13599	yahO
EG13600	prpR
EG13601	prpB
EG13603	prpD
EG13604	prpE
EG13605	yaiT
EG13607	yaiV
EG13608	yaiW
EG13609	proY
EG13611	yajO
EG13612	dxs
EG13613	yajQ
EG13614	yajR
EG13615	allA
EG13616	allR
EG13618	ybbW
EG13619	allB
EG13620	ybbY
EG13621	glxK
EG13622	ylbA
EG13623	allC
EG13624	allD
EG13625	mhpF
EG13626	ylbF
EG13627	ybcK
EG13628	ybcL
EG13629	ybcM
EG13630	ybcN
EG13631	ybcO
EG13633	quuD
EG13634	essD
EG13635	rrrD
EG13636	rzpD
EG13637	borD
EG13638	ybcV
EG13639	ybcW
EG13640	tfaD
EG13641	ybcY
EG13642	cusS
EG13643	ybdJ
EG13644	ybdK
EG13645	citC
EG13646	dpiB
EG13647	ybeQ
EG13648	ybeR
EG13649	djlB
EG13650	ybeT
EG13651	ybeU
EG13652	djlC
EG13653	hscC
EG13654	ybeX
EG13655	ybeY
EG13656	ybeZ
EG13657	miaB
EG13658	ubiF
EG13659	chiP
EG13660	chiQ
EG13661	ybfO
EG13662	zitB
EG13663	ybgS
EG13664	ybhH
EG13665	ybhI
EG13666	ybhJ
EG13667	ybhK
EG13668	ybhL
EG13669	ybhM
EG13670	ybhN
EG13671	clsB
EG13672	ybhP
EG13673	ybhQ
EG13674	ybhR
EG13675	ybhS
EG13676	ybjG
EG13677	ybjH
EG13678	ybjI
EG13679	ybjJ
EG13680	rcdA
EG13681	ybjL
EG13682	ybjM
EG13683	ybjN
EG13684	ybjO
EG13685	ybjP
EG13686	ybjQ
EG13687	amiD
EG13688	ybjS
EG13689	ybjT
EG13690	ltaE
EG13691	hcr
EG13692	hcp
EG13693	ybjX
EG13694	macA
EG13695	macB
EG13696	mdfA
EG13697	ycaM
EG13698	ycaN
EG13699	ycaO
EG13700	ycaP
EG13701	ycaQ
EG13702	ycbJ
EG13703	ycbK
EG13704	ycbL
EG13705	ssuC
EG13706	ssuD
EG13707	ssuA
EG13708	ssuE
EG13709	elfA
EG13710	elfD
EG13711	elfC
EG13712	elfG
EG13713	ycbU
EG13714	ycbV
EG13715	zapC
EG13716	ycbX
EG13717	rlmL
EG13718	ycbZ
EG13719	ymbA
EG13720	sxy
EG13721	yccS
EG13722	yccT
EG13723	yccU
EG13724	hspQ
EG13725	rlmI
EG13726	yccX
EG13727	etp
EG13728	gfcE
EG13729	gfcD
EG13730	gfcC
EG13731	gfcB
EG13732	gfcA
EG13733	ydbL
EG13735	paaZ
EG13736	paaA
EG13737	paaC
EG13738	paaD
EG13739	paaE
EG13740	paaF
EG13741	paaG
EG13742	paaH
EG13743	paaI
EG13744	paaJ
EG13745	paaK
EG13746	paaX
EG13747	paaY
EG13748	ynbA
EG13749	ynbB
EG13750	ynbC
EG13751	ynbD
EG13752	ydcI
EG13753	ydcJ
EG13754	ydcK
EG13755	ydcL
EG13756	insQ
EG13757	ydcN
EG13758	ydcO
EG13759	ydcP
EG13760	hicB
EG13761	ydcR
EG13762	ydcS
EG13763	ydcT
EG13764	ydcU
EG13765	ydcV
EG13766	patD
EG13767	ydcX
EG13768	ydcY
EG13769	ydcZ
EG13770	mnaT
EG13772	curA
EG13773	mcbR
EG13774	yncD
EG13775	yncE
EG13776	ansP
EG13777	yncG
EG13778	yncH
EG13779	yddH
EG13780	nhoA
EG13782	yddK
EG13783	yddL
EG13784	yddM
EG13786	ddpF
EG13787	ddpD
EG13788	ddpC
EG13789	ddpB
EG13790	ddpA
EG13791	ddpX
EG13792	dosP
EG13793	dosC
EG13794	yddW
EG13795	ydeM
EG13796	ydeN
EG13797	ydeO
EG13798	ydeP
EG13799	ydeQ
EG13800	ydeR
EG13801	ydeS
EG13802	ydeT
EG13804	lsrK
EG13805	lsrR
EG13806	lsrA
EG13807	lsrC
EG13808	lsrD
EG13809	lsrB
EG13810	lsrF
EG13811	lsrG
EG13812	tam
EG13813	yneE
EG13814	yneF
EG13815	yneG
EG13816	glsB
EG13817	sad
EG13818	yneJ
EG13819	yneK
EG13820	rspR
EG13821	ydfI
EG13822	ydfJ
EG13823	ydfK
EG13824	pinQ
EG13825	tfaQ
EG13826	stfQ
EG13827	ydfO
EG13828	rzpQ
EG13829	rrrQ
EG13830	ydfR
EG13831	essQ
EG13832	quuQ
EG13833	ydfU
EG13834	ydfV
EG13835	intK
EG13836	ydfX
EG13837	gnsB
EG13838	ydfZ
EG13839	ynfA
EG13840	ynfB
EG13841	ynfC
EG13842	ynfD
EG13843	ynfE
EG13844	ynfF
EG13845	ynfG
EG13846	ynfH
EG13847	dmsD
EG13848	clcB
EG13849	ynfK
EG13850	ynfL
EG13851	cusR
EG13853	rutG
EG13854	rutF
EG13855	rutE
EG13856	rutD
EG13857	rutC
EG13858	rutB
EG13859	rutA
EG13860	efeU
EG13861	efeO
EG13862	pgaD
EG13863	pgaC
EG13864	pgaB
EG13865	pgaA
EG13866	ycdT
EG13867	ycdU
EG13869	ghrA
EG13870	ycdX
EG13871	ycdY
EG13872	ycdZ
EG13873	ymdA
EG13874	ymdB
EG13875	clsC
EG13876	opgC
EG13877	cspI
EG13878	mdtH
EG13879	yceM
EG13880	murJ
EG13881	sfmA
EG13882	sfmC
EG13883	sfmD
EG13884	sfmH
EG13885	iraM
EG13886	bluR
EG13887	bluF
EG13888	ycgG
EG13889	ycgH
EG13890	ycgI
EG13891	ycgJ
EG13892	pliG
EG13893	ycgL
EG13894	ycgM
EG13895	ycgN
EG13896	cvrA
EG13897	emtA
EG13898	ldcA
EG13899	ycgR
EG13900	dhaL
EG13901	dhaK
EG13902	dhaR
EG13903	ycgV
EG13904	yciS
EG13905	yciT
EG13906	mpaA
EG13907	puuP
EG13908	puuA
EG13909	puuD
EG13910	ycjM
EG13911	ycjN
EG13912	ycjO
EG13913	ycjP
EG13914	ycjQ
EG13915	ycjR
EG13916	ycjS
EG13917	ycjT
EG13918	ycjU
EG13919	ycjV
EG13920	ycjW
EG13921	ycjX
EG13922	ycjY
EG13923	pgrR
EG13924	ynaI
EG13925	ydgD
EG13926	mdtI
EG13927	mdtJ
EG13928	tqsA
EG13929	ydgH
EG13930	ydgI
EG13931	ydgJ
EG13932	ydgK
EG13933	rsxA
EG13934	rsxB
EG13935	rsxC
EG13936	rsxD
EG13937	rsxG
EG13938	rsxE
EG13939	dtpA
EG13940	pdxY
EG13942	anmK
EG13943	ydhI
EG13944	ydhJ
EG13945	ydhK
EG13946	ydhL
EG13947	nemR
EG13948	yobD
EG13949	mepH
EG13950	ydhP
EG13951	ydhQ
EG13952	ydhR
EG13953	ydhS
EG13954	ydhT
EG13955	ydhU
EG13956	ydhV
EG13957	ydhW
EG13958	ydhX
EG13959	ydhY
EG13960	ydhZ
EG13961	sufE
EG13962	sufS
EG13963	sufD
EG13964	sufC
EG13965	sufB
EG13967	ydiH
EG13968	menI
EG13969	ydiJ
EG13970	ydiK
EG13971	ydiL
EG13972	ydiM
EG13973	ydiN
EG13974	ydiO
EG13975	ydiP
EG13976	ydiQ
EG13977	ydiR
EG13978	ydiS
EG13979	ydiT
EG13980	ydiU
EG13981	ydiV
EG13983	arpB
EG13984	ydiY
EG13985	ydiZ
EG13986	yniA
EG13987	yniB
EG13988	yniC
EG13989	ydjM
EG13990	ydjN
EG13991	ydjO
EG13992	cedA
EG13993	cho
EG13994	ves
EG13995	astE
EG13996	astB
EG13997	astD
EG13998	astA
EG13999	astC
EG14000	ydjX
EG14001	ydjY
EG14002	ydjZ
EG14003	ynjA
EG14004	ynjB
EG14005	ynjC
EG14006	ynjD
EG14007	ynjE
EG14008	ynjF
EG14009	nudG
EG14010	ynjH
EG14011	ynjI
EG14012	mntP
EG14013	flhE
EG14014	yebO
EG14015	ynhG
EG14016	ynhF
EG14018	kdgR
EG14019	yebQ
EG14020	msrC
EG14021	yebS
EG14022	yebT
EG14023	rsmF
EG14024	yebV
EG14025	yebW
EG14026	pphA
EG14027	yebY
EG14028	yebZ
EG14029	yobA
EG14030	yobB
EG14031	exoX
EG14032	yecN
EG14033	cmoA
EG14034	cmoB
EG14035	flhB
EG14036	yecR
EG14037	yecS
EG14038	dcyD
EG14039	yedP
EG14040	yedQ
EG14041	yedR
EG14042	yedS
EG14044	yedV
EG14045	yedW
EG14046	hiuH
EG14047	yedY
EG14048	yedZ
EG14049	zinT
EG14050	yodB
EG14051	yegH
EG14052	yegI
EG14053	yegJ
EG14054	yegK
EG14055	yegL
EG14056	mdtA
EG14057	mdtB
EG14058	mdtC
EG14059	yegP
EG14060	yegQ
EG14061	yegR
EG14062	fbaB
EG14063	yegT
EG14064	yegU
EG14065	yegV
EG14066	yegW
EG14067	yegX
EG14068	thiD
EG14069	thiM
EG14070	rcnR
EG14071	rcnA
EG14072	rcnB
EG14073	yeiS
EG14074	preT
EG14075	lpxT
EG14076	mepS
EG14077	rtn
EG14078	yfaP
EG14079	yfaQ
EG14081	yfaS
EG14082	yfaT
EG14083	rhmA
EG14084	rhmT
EG14085	rhmD
EG14086	rhmR
EG14087	yfaY
EG14088	yfaZ
EG14089	arnB
EG14090	arnC
EG14091	arnA
EG14092	arnD
EG14093	arnT
EG14094	arnF
EG14095	yfbK
EG14096	yfbL
EG14097	yfbM
EG14098	yfbN
EG14099	yfbO
EG14100	yfbP
EG14101	alaA
EG14102	yfbR
EG14103	yfbS
EG14104	yfbT
EG14105	yfbU
EG14106	yfbV
EG14107	yfcD
EG14108	yfcE
EG14109	yfcF
EG14110	yfcG
EG14111	yfcH
EG14112	yfcI
EG14113	yfcJ
EG14114	mnmC
EG14115	yfcL
EG14116	epmC
EG14117	smrB
EG14118	yfcO
EG14119	yfcP
EG14120	yfcQ
EG14121	yfcR
EG14122	yfcS
EG14124	yfcU
EG14125	yfcV
EG14126	sixA
EG14127	fadJ
EG14128	fadI
EG14129	yfcZ
EG14130	yfdF
EG14131	gtrA
EG14132	gtrB
EG14133	gtrS
EG14134	tfaS
EG14135	yfdK
EG14136	yfdL
EG14137	oweS
EG14138	yfdP
EG14139	yfdQ
EG14140	yfdR
EG14141	yfdS
EG14142	yfdT
EG14143	oxc
EG14144	yfdV
EG14145	frc
EG14146	yfdX
EG14147	yfdY
EG14148	ypdA
EG14149	ypdB
EG14150	ypdC
EG14151	fryA
EG14152	ypdE
EG14153	ypdF
EG14154	fryC
EG14155	fryB
EG14156	yfeO
EG14157	mntH
EG14158	ybfP
EG14159	yfeR
EG14160	yfeS
EG14161	murR
EG14162	murQ
EG14163	murP
EG14164	yfeW
EG14165	yfeX
EG14166	yfeY
EG14167	yfeZ
EG14168	ypeA
EG14169	zipA
EG14170	eutK
EG14171	eutL
EG14172	intZ
EG14173	yffL
EG14174	yffM
EG14175	yffN
EG14176	yffO
EG14177	yffP
EG14178	yffQ
EG14179	yffR
EG14180	yffS
EG14181	eutA
EG14182	eutH
EG14183	eutG
EG14184	eutJ
EG14185	eutE
EG14186	eutN
EG14187	eutM
EG14188	eutD
EG14189	eutT
EG14190	eutQ
EG14191	eutP
EG14192	eutS
EG14193	maeB
EG14194	ypfG
EG14195	ypfH
EG14196	tmcA
EG14197	ypfJ
EG14198	alaC
EG14199	yfgC
EG14200	yfgD
EG14201	hda
EG14202	yfgF
EG14203	yfgG
EG14204	yfgH
EG14205	yfgI
EG14206	yfgJ
EG14207	der
EG14208	bamB
EG14209	yfgM
EG14210	pbpC
EG14211	hyfC
EG14212	hyfD
EG14213	hyfE
EG14214	hyfF
EG14215	hyfG
EG14216	hyfH
EG14217	hyfI
EG14218	hyfJ
EG14219	hyfR
EG14220	focB
EG14221	yfgO
EG14222	bamD
EG14223	yfiP
EG14224	pka
EG14225	yfiR
EG14226	ypjD
EG14228	yqiG
EG14229	yqiH
EG14230	yqiI
EG14231	yqiJ
EG14232	yqiK
EG14233	cusC
EG14234	cusF
EG14235	cusB
EG14236	yaiX
EG14237	ylaB
EG14238	ylaC
EG14239	maa
EG14240	mscK
EG14241	clpS
EG14243	cspG
EG14244	ycgX
EG14245	xisE
EG14247	ymfI
EG14248	ymfJ
EG14249	cohE
EG14250	ymfL
EG14251	ymfM
EG14252	aaaE
EG14253	beeE
EG14254	jayE
EG14255	ymfQ
EG14256	yciU
EG14257	yciV
EG14258	yncI
EG14259	intG
EG14260	rbn
EG14261	elaD
EG14262	yciW
EG14263	folX
EG14264	cbl
EG14265	nac
EG14266	flgB
EG14267	flgC
EG14268	flgD
EG14269	flgE
EG14270	flgF
EG14271	flgG
EG14272	flgJ
EG14273	flhA
EG14274	mhpD
EG14275	ycgY
EG14276	mlaA
EG14277	afuB
EG14278	ykgI
EG14279	yaiY
EG14280	yaiZ
EG14281	cspH
EG14282	ykiA
EG14283	ykfF
EG14284	ypjF
EG14285	ylbG
EG14286	ninE
EG14287	ycaR
EG14288	ycgZ
EG14289	ymgA
EG14290	ariR
EG14291	ymgC
EG14292	ymgD
EG14293	ychQ
EG14294	ynaJ
EG14295	ymjA
EG14296	ynaK
EG14298	ynbE
EG14299	paaB
EG14300	yncJ
EG14301	bdm
EG14302	hokE
EG14303	cnu
EG14304	yoaF
EG14305	yoaG
EG14306	yoaH
EG14307	yodC
EG14308	yoeA
EG14309	yegZ
EG14310	pinH
EG14313	yqaE
EG14314	yqjK
EG14315	lomR
EG14316	yecT
EG14317	tfaX
EG14319	ysaA
EG14320	wecF
EG14321	ysgA
EG14322	tatB
EG14323	ykgJ
EG14324	ecpR
EG14325	ykgL
EG14326	ykgM
EG14327	ylbH
EG14328	acrZ
EG14329	ybgT
EG14330	ypjJ
EG14331	ykfG
EG14332	ykfH
EG14333	ykfI
EG14334	yceO
EG14335	bssS
EG14336	ymfR
EG14337	tfaP
EG14338	ymgE
EG14339	yifN
EG14340	yaaW
EG14341	ymgF
EG14342	yjdO
EG14343	sgcB
EG14344	arnE
EG14345	ecnB
EG14346	aaaD
EG14348	yibS
EG14349	ylbI
EG14350	yjbS
EG14351	yciX
EG14352	yrdE
EG14353	ybdZ
EG14354	ylcG
EG14355	ylcH
EG14356	yoeB
EG14357	ymdE
EG14358	ymdF
EG14359	insP
EG14360	yneL
EG14362	yoeD
EG14363	thiS
EG14364	yheV
EG14366	ypeB
EG14367	yegS
EG14368	ykfJ
EG14369	yrhC
EG14370	yrhD
EG14372	ecnA
EG14373	srlE
EG14374	mdlB
EG14375	yeiW
EG14376	ypdI
EG14377	ykfK
EG14378	ykfL
EG14379	ypjK
EG14380	rzoD
EG14381	rzoR
EG14382	yobF
EG14383	mgrB
EG14384	yaaX
EG14385	ypeC
EG14386	yaaY
EG14387	yodD
EG14388	ynfN
EG14389	blr
EG14393	yciY
EG14394	yncL
EG14395	yneM
EG14396	ypfM
EG14397	yibT
EG14398	ytjA
EG14399	ypfN
EG14400	ysaB
EG14401	ytcA
EG14402	tisB
EG14403	ldrA
EG14404	ldrB
EG14405	ldrC
EG14406	ldrD
EG14407	yjdP
EG14409	yjhV
EG14411	torI
EG14413	yceQ
EG14414	croE
EG14415	ymgG
EG14417	yoaI
EG14418	insX
EG14419	ybfQ
EG14420	ymjC
EG14421	hicA
EG14422	ynfO
EG14423	yniD
EG14424	yobH
EG14425	yoeF
EG14426	yohO
EG14427	ypaA
EG14428	ypdJ
EG14429	yicS
EG14430	yjhX
EG14431	dinQ
EG14432	ykgO
EG14433	ykgP
EG14434	yzgL
EG14435	ttcC
EG14436	mokA
EG14437	yibU
EG14438	yibV
EG14439	yibW
EG14440	yoeG
EG14441	yoeH
EG14442	yjhY
EG14443	ykgQ
EG14444	ylcI
EG14447	yjhZ
EG14448	yicT
EG14449	ymgI
EG14450	ymgJ
EG14451	ykfM
EG14452	yjdQ
EG14454	ykfN
EG14455	ysaC
EG14456	ysaD
EG14459	yjbT
EG14460	yciZ
EG14461	yojO
EG14462	ydgU
EG14463	ymiA
EG14464	ythA
EG14465	uof
EG14466	safA
EG14467	sgrT
EG14468	azuC
EG14469	ibsD
EG14470	ibsC
EG14471	ibsE
EG14472	ibsA
EG14473	ibsB
EG14474	ilvX
EG14475	yjeV
EG14476	ykgR
EG14477	ymiB
EG14478	ymjD
EG14479	ynbG
EG14480	yoaJ
EG14481	yoaK
EG14482	yobI
EG14483	yoeI
EG14484	yohP
EG14485	ypdK
EG14487	yqcG
EG14488	yqeL
EG14489	yqfG
EG14490	yrbN
EG14491	yshB
EG14492	ykgS
EG14493	rzoQ
EG14494	shoB
EG14495	oweE
EG14496	ykgT
EG14497	yrdF
EG14498	mgtL
EG14499	pmrR
EG14500	mntS
EG14501	iroK
EG14502	esrE
EG20005	oriC
EG20044	dctA
EG20050	dgoD
EG20080	glcB
EG20091	gpsA
EG20098	hpt
EG20110	kefB
EG20145	nanT
EG20151	nfsB
EG20173	pta
EG20205	shiA
EG20227	thiL
EG20248	uxuB
EG20249	uxuR
EG20250	xapA
EG20252	xylF
EG20253	xylR
EG20254	sapA
EG20255	sapB
EG20256	sapC
EG20257	nrdE
EG20260	mokB
EG20263	flgA
EG20264	flgH
EG20265	flgI
EG20266	fliI
EG20267	fliJ
EG20268	fliK
EG20273	mhpA
EG20274	mhpB
EG20275	mhpC
EG20276	mhpR
EG20283	rusA
EG30008	alaT
EG30009	alaU
EG30010	alaV
EG30011	alaW
EG30012	alaX
EG30013	argQ
EG30014	argU
EG30015	argV
EG30016	argW
EG30017	argX
EG30018	argY
EG30019	argZ
EG30020	asnT
EG30021	asnU
EG30022	asnV
EG30023	aspT
EG30024	aspU
EG30025	aspV
EG30026	cysT
EG30027	ffs
EG30028	glnU
EG30029	glnV
EG30030	glnW
EG30031	glnX
EG30032	gltT
EG30033	gltU
EG30034	gltV
EG30035	gltW
EG30036	glyT
EG30037	glyU
EG30038	glyV
EG30039	glyW
EG30040	glyX
EG30041	glyY
EG30042	hisR
EG30043	ileT
EG30044	ileU
EG30045	ileV
EG30046	ileX
EG30047	leuP
EG30048	leuQ
EG30049	leuT
EG30050	leuU
EG30051	leuV
EG30052	leuW
EG30053	leuX
EG30054	leuZ
EG30055	lysT
EG30056	lysV
EG30057	lysW
EG30058	metT
EG30059	metU
EG30060	metV
EG30061	metY
EG30062	metZ
EG30063	micF
EG30064	pheU
EG30065	pheV
EG30066	proK
EG30067	proL
EG30068	proM
EG30069	rnpB
EG30070	rrfA
EG30071	rrfB
EG30072	rrfC
EG30073	rrfD
EG30074	rrfE
EG30075	rrfG
EG30076	rrfH
EG30077	rrlA
EG30078	rrlB
EG30079	rrlC
EG30080	rrlD
EG30081	rrlE
EG30082	rrlG
EG30083	rrlH
EG30084	rrsA
EG30085	rrsB
EG30086	rrsC
EG30087	rrsD
EG30088	rrsE
EG30089	rrsG
EG30090	rrsH
EG30091	rrfF
EG30092	selC
EG30093	serT
EG30094	serU
EG30095	serV
EG30096	serW
EG30097	serX
EG30098	spf
EG30099	ssrS
EG30100	ssrA
EG30101	thrT
EG30102	thrU
EG30103	thrV
EG30104	thrW
EG30105	trpT
EG30106	tyrT
EG30107	tyrU
EG30108	tyrV
EG30109	valT
EG30110	valU
EG30111	valV
EG30112	valW
EG30113	valX
EG30114	valY
EG31115	dicF
EG31116	oxyS
EG31117	metW
EG31118	dsrA
EG31119	csrB
EG31120	asnW
EG31121	ileY
EG31122	lysQ
EG31123	lysY
EG31124	lysZ
EG31125	valZ
EG31127	sokB
EG31128	sokC
EG31129	gcvB
EG31130	rprA
EG31131	rttR
EG31133	ryhB
EG31134	csrC
EG31135	tff
EG31137	rybB
EG31138	psrD
EG31139	rdlA
EG31140	rdlB
EG31141	rdlC
EG31142	rdlD
EG31143	mcaS
EG31144	micC
EG31145	rydB
EG31146	ryeA
EG31147	sdsR
EG31149	sgrS
EG31150	isrC
EG31151	sibA
EG31152	sibB
EG31153	cyaR
EG31154	ryfA
EG31155	glmY
EG31156	micA
EG31157	omrA
EG31158	omrB
EG31159	sibC
EG31160	sibD
EG31162	psrO
EG31163	arcZ
EG31164	gadY
EG31165	glmZ
EG31166	ryjA
EG31167	istR
EG31168	rydC
EG31169	sibE
EG31170	rseX
EG31171	ptwF
EG31172	pauD
EG31173	pawZ
EG31174	psaA
EG31175	chiX
EG31176	sokA
EG31178	ohsC
EG31179	ryfD
EG31180	symR
EG31181	ryjB
EG31182	sroH
EG31183	eyeA
EG31184	mgrR
EG31185	fnrS
EG31186	sokE
EG31187	sokX
EG31188	arrS
EG40001	insA1
EG40002	insB1
EG40003	insC1
EG40004	insD1
EG40005	insE1
EG40006	insF1
EG40007	insG
EG40008	insH1
EG40009	insI1
EG40010	insJ
EG40011	insK
EG40012	insL1
EG40013	insM
EG40014	insN
EG40121	insO
EG50001	rplU
EG50002	rpmA
EG50003	acpP
EG50004	rmf
EG50006	eutB
EG50007	eutC
EG50008	cybC
EG50009	gadA
EG50010	frmA
EG50011	folP
EG60006	insB2
EG60007	insA2
EG60008	insB3
EG60009	insA3
EG60014	insF2
EG60015	insE2
EG60016	insE3
EG60017	insF3
EG60018	insH2
EG60019	insL2
EG60020	insH4
EG60021	insA4
EG60022	insB4
EG60023	insF4
EG60024	insE4
EG60025	insH6
EG60026	insH25
EG60027	insD4
EG60028	insC4
EG60029	insI3
EG60030	insB8
EG60031	insA8
EG60032	insH8
EG60033	insD6
EG60034	insC6
EG60035	insH9
EG60036	insE5
EG60037	insF5
EG60038	insH11
EG60039	insL3
EG60040	insD8
EG60041	insC8
EG60042	insH15
EG60043	insC9
EG60044	insD9
EG60045	insH18
EG60046	insA5
EG60047	insB5
EG60048	insH20
EG60049	insC11
EG60050	insD11
EG60051	insI4
EG60052	insA6
EG60053	insB6
EG60054	insI2
EG60055	insD5
